Unique ID,Species,Dataset,Sample Description,DNA conc (ng/ul),Total DNA (ug),Site of collection,Date of collection,Collector,GPS Location,water temp,pH,Depth (m),Other,Requested sequence coverage,Sequencing Notes,contact scientist,Contact affiliation,Contact email,DNA/RNA Source ,DNA extraction protocol,DNA/RNA conc (ng/ul),Total amount of DNA/RNA shipped (ul),Genome Sequencing Facility,Date Received by sequencing facility,Comments by sequencing facility,Sequencing date ETA,Date sequenced,Library ,Library Construction (insert size bp),Requested read length (bp),Library construction protocol,Index #,Sequencer,Run number,Run #:Flow Cell ID,Lane number,FILE NAMES - supplied by sequencing facility,file type,MD5 checksum,Contact bioinformatician,Email contact,Date data sent/transferred,Date data received,FILES NAME ON FTP at Murdoch (http://files.ivec.org/bpa/)
102.100.100/12019,Porites lutea,Coral Genome,Sperm DNA for Coral Genome,1439.74,575.9,Orpheus Is (JCU),30.11.2012 ,Susie Sprungala,"S18°32'40.90""  E146°29'17.19""",27°C,,4-5m,2 technical replicates available. Microbiome and Virome samples generated from the same colony used for sperm collection.,N/A,1 library -> 1 Lane seq,Susie Sprungala,JCU,susanne.sprungala@jcu.edu.au,Sperm DNA,Phenol/Chloroform,1439.74,50.39,AGRF,25.06.2013,,,,Pair end,215 bp ,150,Illumina TruSeq DNA sample preparation with Pippin Prep size selection,22,HiSeq 2500,RUN 0017,H76LCADXX,1,12019_GBR_AGRF_H76LCADXX_CGTACG_L001_R1.fastq.gz,fastq,addfd477dc4c4638dac57480ef0b7f7d ,Sylvain Foret,sylvain.foret@anu.edu.au,18/09/2013,,
102.100.100/12019,Porites lutea,Coral Genome,Sperm DNA for Coral Genome,1439.74,575.9,Orpheus Is (JCU),30.11.2012 ,Susie Sprungala,"S18°32'40.90""  E146°29'17.19""",27°C,,4-5m,2 technical replicates available. Microbiome and Virome samples generated from the same colony used for sperm collection.,N/A,1 library -> 1 Lane seq,Susie Sprungala,JCU,susanne.sprungala@jcu.edu.au,Sperm DNA,Phenol/Chloroform,1439.74,50.39,AGRF,25.06.2013,,,,Pair end,215 bp ,150,Illumina TruSeq DNA sample preparation with Pippin Prep size selection,22,HiSeq 2500,RUN 0017,H76LCADXX,1,12019_GBR_AGRF_H76LCADXX_CGTACG_L001_R2.fastq.gz,fastq,8c2853609c1f7cdb8a3fd78c3cbc8ed3 ,Sylvain Foret,sylvain.foret@anu.edu.au,18/09/2013,,
102.100.100/12019,Porites lutea,Coral Genome,Sperm DNA for Coral Genome,1439.74,575.9,Orpheus Is (JCU),30.11.2012 ,Susie Sprungala,"S18°32'40.90""  E146°29'17.19""",27°C,,4-5m,2 technical replicates available. Microbiome and Virome samples generated from the same colony used for sperm collection.,N/A,1 library -> 1 Lane seq,Susie Sprungala,JCU,susanne.sprungala@jcu.edu.au,Sperm DNA,Phenol/Chloroform,1439.74,50.39,AGRF,25.06.2013,,,,Pair end,215 bp ,150,Illumina TruSeq DNA sample preparation with Pippin Prep size selection,22,HiSeq 2500,RUN 0018,H12HNADXX,1,12019_GBR_AGRF_AH12HNADXX_CGTACG_L001_R1.fastq.gz,fastq,f0517bfb6f259d03c9c76ef064b1d983 ,Sylvain Foret,sylvain.foret@anu.edu.au,18/09/2013,,
102.100.100/12019,Porites lutea,Coral Genome,Sperm DNA for Coral Genome,1439.74,575.9,Orpheus Is (JCU),30.11.2012 ,Susie Sprungala,"S18°32'40.90""  E146°29'17.19""",27°C,,4-5m,2 technical replicates available. Microbiome and Virome samples generated from the same colony used for sperm collection.,N/A,1 library -> 1 Lane seq,Susie Sprungala,JCU,susanne.sprungala@jcu.edu.au,Sperm DNA,Phenol/Chloroform,1439.74,50.39,AGRF,25.06.2013,,,,Pair end,215 bp ,150,Illumina TruSeq DNA sample preparation with Pippin Prep size selection,22,HiSeq 2500,RUN 0018,H12HNADXX,1,12019_GBR_AGRF_AH12HNADXX_CGTACG_L001_R2.fastq.gz,fastq,ec7bee7f9e92afc748b698f910274a15 ,Sylvain Foret,sylvain.foret@anu.edu.au,18/09/2013,,
102.100.100/12020,Porites lutea,Coral transcriptome,Transcript Biological replicate 1,307.36,30.74,Orpheus Is (AIMS),6.3.2013,David Bourne,"S18°32'40.90""  E146°29'17.19""",29,,4-5m,Frozen branch (no biol rep - can do technical repeats),N/A,1 library -> 1 Lane sequencing,David Bourne,AIMS,d.bourne@aims.gov.au,RNA/adult tissue sample,"Trizol/Chl, Dnase",307.36,9.22,AGRF,25.06.2013,,,,Pair end,200-300,100,,,,,,,,,,Sylvain Foret,sylvain.foret@anu.edu.au,,,
102.100.100/12021,Porites lutea,Coral Metagenome,Metagenome Biol_1 Phenol:Choroform extract.,287.65,8.63,Orpheus Is (AIMS),25.7.2013,David Bourne,"S18°32'40.90"" E146°29'17.19""",,,,Sample from genotype 1 (extracted using phenol:chloroform and zymoclean up method),N/A,1 TruSeq library -> 1/3 Lane sequencing (3x P.lutea phenol:choroform extract metagenomes to be multiplexed in single lane),David Bourne,AIMS,d.bourne@aims.gov.au,DNA adult coral tissue,phenol:chloroform and zymoclean,40,246ul,RAM,,,,,Pair end,200-300,150,,,,,,,,,,Mike Imelfort,m.imelfort@uq.edu.au,,,
102.100.100/12022,Porites lutea,Coral Metagenome,Metagenome Biol_2 Phenol:Choroform extract.,183.81,5.51,Orpheus Is (AIMS),25.7.2013,David Bourne,"S18°32'40.90"" E146°29'17.19""",,,,Sample from genotype 2 (extracted using phenol:chloroform and zymoclean up method),N/A,1 TruSeq library -> 1/3 Lane sequencing,David Bourne,AIMS,d.bourne@aims.gov.au,DNA adult coral tissue,phenol:chloroform and zymoclean,40,306ul,RAM,,,,,Pair end,200-300,150,,,,,,,,,,Mike Imelfort,m.imelfort@uq.edu.au,,,
102.100.100/12023,Porites lutea,Coral Metagenome,Metagenome Biol_3 Phenol:Choroform extract.,399.92,12,Orpheus Is (AIMS),25.7.2013,David Bourne,"S18°32'40.90"" E146°29'17.19""",,,,Sample from genotype 3 (extracted using phenol:chloroform and zymoclean up method),N/A,1 TruSeq library -> 1/3 Lane sequencing,David Bourne,AIMS,d.bourne@aims.gov.au,DNA adult coral tissue,phenol:chloroform and zymoclean,40,630ul,RAM,,,,,Pair end,200-300,150,,,,,,,,,,Mike Imelfort,m.imelfort@uq.edu.au,,,
102.100.100/12042,Porites lutea,Coral Metagenome,Metagenome Biol_1 Plant Pro extract.,364.67,10.94,Orpheus Is (AIMS),25.7.2014,David Bourne,"S18°32'40.90"" E146°29'17.19""",,,,Pooled replicate sample from genotype 1 (extracted using MOBIO Plant Pro method),N/A,1 TruSeq library -> 1/6 Lane sequencing (3x P.lutea and 3x A.millepora Plant Pro extract metagenomes to be multiplexed in single lane),David Bourne,AIMS,d.bourne@aims.gov.au,DNA adult coral tissue,MOBIO Plant Pro,40,304ul,RAM,,,,,Pair end,200-300,150,,,,,,,,,,Mike Imelfort,m.imelfort@uq.edu.au,,,
102.100.100/12043,Porites lutea,Coral Metagenome,Metagenome Biol_2 Plant Pro extract.,248.27,7.45,Orpheus Is (AIMS),25.7.2015,David Bourne,"S18°32'40.90"" E146°29'17.19""",,,,Pooled replicate sample from genotype 2 (extracted using MOBIO Plant Pro method),N/A,1 TruSeq library -> 1/6 Lane sequencing,David Bourne,AIMS,d.bourne@aims.gov.au,DNA adult coral tissue,MOBIO Plant Pro,40,402ul,RAM,,,,,Pair end,200-300,150,,,,,,,,,,Mike Imelfort,m.imelfort@uq.edu.au,,,
102.100.100/12044,Porites lutea,Coral Metagenome,Metagenome Biol_3 Plant Pro extract.,209.31,6.28,Orpheus Is (AIMS),25.7.2016,David Bourne,"S18°32'40.90"" E146°29'17.19""",,,,Pooled replicate sample from genotype 3 (extracted using MOBIO Plant Pro method),N/A,1 TruSeq library -> 1/6 Lane sequencing,David Bourne,AIMS,d.bourne@aims.gov.au,DNA adult coral tissue,MOBIO Plant Pro,40,344ul,RAM,,,,,Pair end,200-300,150,,,,,,,,,,Mike Imelfort,m.imelfort@uq.edu.au,,,
102.100.100/12045,Porites lutea,Coral Metagenome,Metagenome Biol_1 Ultraclean extract.,501.19,15.04,Orpheus Is (AIMS),25.7.2017,David Bourne,"S18°32'40.90"" E146°29'17.19""",,,,Pooled replicate sample from genotype 1 (extracted using MOBIO Ultraclean method),N/A,1 TruSeq library -> 1/6 Lane sequencing (3x P.lutea and 3x A.millepora Ultraclean extract metagenomes to be multiplexed in single lane),David Bourne,AIMS,d.bourne@aims.gov.au,DNA adult coral tissue,MOBIO Ultraclean,40,406ul,RAM,,,,,Pair end,200-300,150,,,,,,,,,,Mike Imelfort,m.imelfort@uq.edu.au,,,
102.100.100/12046,Porites lutea,Coral Metagenome,Metagenome Biol_2 Ultraclean extract.,158.13,4.74,Orpheus Is (AIMS),25.7.2018,David Bourne,"S18°32'40.90"" E146°29'17.19""",,,,Pooled replicate sample from genotype 2 (extracted using MOBIO Ultraclean method),N/A,1 TruSeq library -> 1/6 Lane sequencing,David Bourne,AIMS,d.bourne@aims.gov.au,DNA adult coral tissue,MOBIO Ultraclean,40,267ul,RAM,,,,,Pair end,200-300,150,,,,,,,,,,Mike Imelfort,m.imelfort@uq.edu.au,,,
102.100.100/12047,Porites lutea,Coral Metagenome,Metagenome Biol_3 Ultraclean extract.,442,13.26,Orpheus Is (AIMS),25.7.2019,David Bourne,"S18°32'40.90"" E146°29'17.19""",,,,Pooled replicate sample from genotype 3 (extracted using MOBIO Ultraclean method),N/A,1 TruSeq library -> 1/6 Lane sequencing,David Bourne,AIMS,d.bourne@aims.gov.au,DNA adult coral tissue,MOBIO Ultraclean,40,693ul,RAM,,,,,Pair end,200-300,150,,,,,,,,,,Mike Imelfort,m.imelfort@uq.edu.au,,,
To be sequenced at later date,Porites lutea,Coral Metatranscriptome,Metatranscriptome Biological replicate 1,TO BE COMPLETED,TO BE COMPLETED,Orpheus Is (AIMS),TO BE COMPLETED,David Bourne,"S18°32'40.90""  E146°29'17.19""",,,,Pooled sample from three colonies (extracted using 3 different methods to enable bioinformatic binning),,To be added at a later date,David Bourne,AIMS,d.bourne@aims.gov.au,,,,,RAM,,,,,,,,,,,,,,,,,Mike Imelfort,m.imelfort@uq.edu.au,,,
102.100.100/12024,Porites lutea,Coral Virome,Virome_DNA_tech1,14.7,588,Orpheus Is (AIMS),6.3.2013,David Bourne,"S18°32'40.90""  E146°29'17.19""",,,,Pooled sample from three colonies (extracted using optimised DNA method; 6 amplification reactions performed on sample and pooled for sequencing),N/A,1 Nextera library -> 1/6 Lane sequencing,David Bourne,AIMS,d.bourne@aims.gov.au,Adult coral tissue,"Masterpure, RNase",14.7,294ng,RAM,14.08.2013,,,30.09.13,Pair end,200-1000,150,Nextera ,N703/S502,HiSeq2500,106,H7F1YADXX,1,12024_GBR_UNSW_H71YADXX_AGGCAGAA_L001_R1_001_fastq.gz,fastq,gz51b3e0e9a48dd5ea1d97b660a7aeb228,Mike Imelfort,m.imelfort@uq.edu.au,3/10/2013,,
102.100.100/12024,Porites lutea,Coral Virome,Virome_DNA_tech1,14.7,588,Orpheus Is (AIMS),6.3.2013,David Bourne,"S18°32'40.90""  E146°29'17.19""",,,,Pooled sample from three colonies (extracted using optimised DNA method; 6 amplification reactions performed on sample and pooled for sequencing),N/A,1 Nextera library -> 1/6 Lane sequencing,David Bourne,AIMS,d.bourne@aims.gov.au,Adult coral tissue,"Masterpure, RNase",14.7,294ng,RAM,14.08.2013,,,30.09.13,Pair end,200-1000,150,Nextera ,N703/S502,HiSeq2500,106,H7F1YADXX,1,12024_GBR_UNSW_H71YADXX_AGGCAGAA_L001_R2_001_fastq.gz,fastq,10b05bff067051bb1dc8a723d187a29d,Mike Imelfort,m.imelfort@uq.edu.au,3/10/2013,,
102.100.100/12024,Porites lutea,Coral Virome,Virome_DNA_tech1,14.7,588,Orpheus Is (AIMS),6.3.2013,David Bourne,"S18°32'40.90""  E146°29'17.19""",,,,Pooled sample from three colonies (extracted using optimised DNA method; 6 amplification reactions performed on sample and pooled for sequencing),N/A,1 Nextera library -> 1/6 Lane sequencing,David Bourne,AIMS,d.bourne@aims.gov.au,Adult coral tissue,"Masterpure, RNase",14.7,294ng,RAM,14.08.2013,,,30.09.13,Pair end,200-1000,150,Nextera ,N703/S502,HiSeq2500,106,H7F1YADXX,2,12024_GBR_UNSW_H71YADXX_AGGCAGAA_L002_R1_001_fastq.gz,fastq,gzdc9c3815ffba0cf3ef19d7579635bd86,Mike Imelfort,m.imelfort@uq.edu.au,3/10/2013,,
102.100.100/12024,Porites lutea,Coral Virome,Virome_DNA_tech1,14.7,588,Orpheus Is (AIMS),6.3.2013,David Bourne,"S18°32'40.90""  E146°29'17.19""",,,,Pooled sample from three colonies (extracted using optimised DNA method; 6 amplification reactions performed on sample and pooled for sequencing),N/A,1 Nextera library -> 1/6 Lane sequencing,David Bourne,AIMS,d.bourne@aims.gov.au,Adult coral tissue,"Masterpure, RNase",14.7,294ng,RAM,14.08.2013,,,30.09.13,Pair end,200-1000,150,Nextera ,N703/S502,HiSeq2500,106,H7F1YADXX,2,12024_GBR_UNSW_H71YADXX_AGGCAGAA_L002_R2_001_fastq.gz,fastq,gz2cea5c0744af3fb25b4f0ccfe24c5859,Mike Imelfort,m.imelfort@uq.edu.au,3/10/2013,,
102.100.100/12025,Porites lutea,Coral Virome,Virome_RNA_tech1,26.3,1052,Orpheus Is (AIMS),6.3.2013,David Bourne,"S18°32'40.90""  E146°29'17.19""",,,,Pooled sample from three colonies (extracted using optimised RNA method; 6 amplification reactions performed on sample and pooled for sequencing),N/A,1 Nextera library -> 1/6 Lane sequencing,David Bourne,AIMS,d.bourne@aims.gov.au,Adult coral tissue,"Qiagen Viral RNA, DNase",26.3,526ng,RAM,14.08.2013,,,30.09.13,Pair end,200-1000,150,Nextera ,N704/S502,HiSeq2500,106,H7F1YADXX,1,12025_GBR_UNSW_H71YADXX_TCCTGAGC_L001_R1_001_fastq.gz,fastq,gz6bb6ff3d047d5484e649091c470d6e4f,Mike Imelfort,m.imelfort@uq.edu.au,3/10/2013,,
102.100.100/12025,Porites lutea,Coral Virome,Virome_RNA_tech1,26.3,1052,Orpheus Is (AIMS),6.3.2013,David Bourne,"S18°32'40.90""  E146°29'17.19""",,,,Pooled sample from three colonies (extracted using optimised RNA method; 6 amplification reactions performed on sample and pooled for sequencing),N/A,1 Nextera library -> 1/6 Lane sequencing,David Bourne,AIMS,d.bourne@aims.gov.au,Adult coral tissue,"Qiagen Viral RNA, DNase",26.3,526ng,RAM,14.08.2013,,,30.09.13,Pair end,200-1000,150,Nextera ,N704/S502,HiSeq2500,106,H7F1YADXX,1,12025_GBR_UNSW_H71YADXX_TCCTGAGC_L001_R2_001_fastq.gz,fastq,50a088d7e905cf25d3068fc871a6ebd7,Mike Imelfort,m.imelfort@uq.edu.au,3/10/2013,,
102.100.100/12025,Porites lutea,Coral Virome,Virome_RNA_tech1,26.3,1052,Orpheus Is (AIMS),6.3.2013,David Bourne,"S18°32'40.90""  E146°29'17.19""",,,,Pooled sample from three colonies (extracted using optimised RNA method; 6 amplification reactions performed on sample and pooled for sequencing),N/A,1 Nextera library -> 1/6 Lane sequencing,David Bourne,AIMS,d.bourne@aims.gov.au,Adult coral tissue,"Qiagen Viral RNA, DNase",26.3,526ng,RAM,14.08.2013,,,30.09.13,Pair end,200-1000,150,Nextera ,N704/S502,HiSeq2500,106,H7F1YADXX,2,12025_GBR_UNSW_H71YADXX_TCCTGAGC_L002_R1_001_fastq.gz,fastq,gz9c0b2262403f3b772752553b087c238f,Mike Imelfort,m.imelfort@uq.edu.au,3/10/2013,,
102.100.100/12025,Porites lutea,Coral Virome,Virome_RNA_tech1,26.3,1052,Orpheus Is (AIMS),6.3.2013,David Bourne,"S18°32'40.90""  E146°29'17.19""",,,,Pooled sample from three colonies (extracted using optimised RNA method; 6 amplification reactions performed on sample and pooled for sequencing),N/A,1 Nextera library -> 1/6 Lane sequencing,David Bourne,AIMS,d.bourne@aims.gov.au,Adult coral tissue,"Qiagen Viral RNA, DNase",26.3,526ng,RAM,14.08.2013,,,30.09.13,Pair end,200-1000,150,Nextera ,N704/S502,HiSeq2500,106,H7F1YADXX,2,12025_GBR_UNSW_H71YADXX_TCCTGAGC_L002_R2_001_fastq.gz,fastq,gz858751f1257d039c691a4d72ff80ba3c,Mike Imelfort,m.imelfort@uq.edu.au,3/10/2013,,
102.100.100/12026,Porites lutea,16S Coral tissue,16S Profiling Tissue Biological replicate 1,TO BE COMPLETED,TO BE COMPLETED,Orpheus Is (AIMS),25.7.2013,David Bourne,"S18°32'40.90""  E146°29'17.19""",,,,"Pooled sample from three colonies, derived from the sample (same extracted sample) used for metagenomics",N/A,Gene to sequence,David Bourne,AIMS,d.bourne@aims.gov.au,,,,,Gene Tyson,,,,,,,,,,,,,,,,,Mike Imelfort,m.imelfort@uq.edu.au,,,
102.100.100/12027,Porites lutea,16S Coral tissue,16S Profiling Tissue Biological replicate 2,TO BE COMPLETED,TO BE COMPLETED,Orpheus Is (AIMS),25.7.2013,David Bourne,"S18°32'40.90""  E146°29'17.19""",,,,"Pooled sample from three colonies, derived from the sample (same extracted sample) used for metagenomics",N/A,Gene to sequence,David Bourne,AIMS,d.bourne@aims.gov.au,,,,,Gene Tyson,,,,,,,,,,,,,,,,,Mike Imelfort,m.imelfort@uq.edu.au,,,
102.100.100/12028,Porites lutea,16S Coral tissue,16S Profiling Tissue Biological replicate 3,TO BE COMPLETED,TO BE COMPLETED,Orpheus Is (AIMS),25.7.2013,David Bourne,"S18°32'40.90""  E146°29'17.19""",,,,"Pooled sample from three colonies, derived from the sample (same extracted sample) used for metagenomics",N/A,Gene to sequence,David Bourne,AIMS,d.bourne@aims.gov.au,,,,,Gene Tyson,,,,,,,,,,,,,,,,,Mike Imelfort,m.imelfort@uq.edu.au,,,
102.100.100/12029,Porites lutea,Symbiodinum de novo,Porites lutea_symbiodinum_de novo,TO BE COMPLETED,TO BE COMPLETED,Orpheus Is (AIMS),25.7.2013,David Bourne,"S18°32'40.90""  E146°29'17.19""",,,,,N/A,1 library -> 1 Lane seq,David Bourne,AIMS,d.bourne@aims.gov.au,,,,,AGRF,,,,,Pair end,200-300?,150,,,,,,,,,,CX Chan,c.chan1@uq.edu.au,,,
102.100.100/12030,Acropora millepora,Coral Metagenome,Metagenome Biol_1 Phenol:Choroform extract.,141.32,4.24,Orpheus Is (AIMS),24.7.2013,David Bourne,,,,,Sample from genotype 1 (extracted using phenol:chloroform and zymoclean up method),N/A,1 TruSeq library -> 1/3 Lane sequencing (3x A.millepora phenol:choroform extract metagenomes to be multiplexed in single lane),David Bourne,AIMS,d.bourne@aims.gov.au,DNA adult coral tissue,phenol:chloroform and zymoclean,40,136ul,RAM,,,,,Pair end,200-300,150,,,,,,,,,,Mike Imelfort,m.imelfort@uq.edu.au,,,
102.100.100/12031,Acropora millepora,Coral Metagenome,Metagenome Biol_2 Phenol:Choroform extract.,66.74,2,Orpheus Is (AIMS),24.7.2013,David Bourne,,,,,Sample from genotype 2 (extracted using phenol:chloroform and zymoclean up method),N/A,1 TruSeq library -> 1/3 Lane sequencing,David Bourne,AIMS,d.bourne@aims.gov.au,DNA adult coral tissue,phenol:chloroform and zymoclean,40,130ul,RAM,,,,,Pair end,200-300,150,,,,,,,,,,Mike Imelfort,m.imelfort@uq.edu.au,,,
102.100.100/12032,Acropora millepora,Coral Metagenome,Metagenome Biol_3 Phenol:Choroform extract.,132.56,3.98,Orpheus Is (AIMS),24.7.2013,David Bourne,,,,,Sample from genotype 3 (extracted using phenol:chloroform and zymoclean up method),N/A,1 TruSeq library -> 1/3 Lane sequencing,David Bourne,AIMS,d.bourne@aims.gov.au,DNA adult coral tissue,phenol:chloroform and zymoclean,40,229ul,RAM,,,,,Pair end,200-300,150,,,,,,,,,,Mike Imelfort,m.imelfort@uq.edu.au,,,
102.100.100/13196,Acropora millepora,Coral Metagenome,Metagenome Biol_1 Plant Pro extract.,0,0,Orpheus Is (AIMS),24.7.2014,David Bourne,,,,,Pooled replicate sample from genotype 1 (extracted using MOBIO Plant Pro method),N/A,1 TruSeq library -> 1/6 Lane sequencing (3x P.lutea and 3x A.millepora Plant Pro extract metagenomes to be multiplexed in single lane),David Bourne,AIMS,d.bourne@aims.gov.au,DNA adult coral tissue,MOBIO Plant Pro,0?,60ul,RAM,,,,,Pair end,200-300,150,,,,,,,,,,Mike Imelfort,m.imelfort@uq.edu.au,,,
102.100.100/13197,Acropora millepora,Coral Metagenome,Metagenome Biol_2 Plant Pro extract.,213.27,6.4,Orpheus Is (AIMS),24.7.2015,David Bourne,,,,,Pooled replicate sample from genotype 2 (extracted using MOBIO Plant Pro method),N/A,1 TruSeq library -> 1/6 Lane sequencing,David Bourne,AIMS,d.bourne@aims.gov.au,DNA adult coral tissue,MOBIO Plant Pro,40,350ul,RAM,,,,,Pair end,200-300,150,,,,,,,,,,Mike Imelfort,m.imelfort@uq.edu.au,,,
102.100.100/13198,Acropora millepora,Coral Metagenome,Metagenome Biol_3 Plant Pro extract.,44.3,2.21,Orpheus Is (AIMS),24.7.2016,David Bourne,,,,,Pooled replicate sample from genotype 3 (extracted using MOBIO Plant Pro method),N/A,1 TruSeq library -> 1/6 Lane sequencing,David Bourne,AIMS,d.bourne@aims.gov.au,DNA adult coral tissue,MOBIO Plant Pro,40,161ul,RAM,,,,,Pair end,200-300,150,,,,,,,,,,Mike Imelfort,m.imelfort@uq.edu.au,,,
102.100.100/13199,Acropora millepora,Coral Metagenome,Metagenome Biol_1 Ultraclean extract.,2.84,0.17,Orpheus Is (AIMS),24.7.2017,David Bourne,,,,,Pooled replicate sample from genotype 1 (extracted using MOBIO Ultraclean method),N/A,1 TruSeq library -> 1/6 Lane sequencing (3x P.lutea and 3x A.millepora Ultraclean extract metagenomes to be multiplexed in single lane),David Bourne,AIMS,d.bourne@aims.gov.au,DNA adult coral tissue,MOBIO Ultraclean,2.84,60ul,RAM,,,,,Pair end,200-300,150,,,,,,,,,,Mike Imelfort,m.imelfort@uq.edu.au,,,
102.100.100/131200,Acropora millepora,Coral Metagenome,Metagenome Biol_2 Ultraclean extract.,9.54,0.57,Orpheus Is (AIMS),24.7.2018,David Bourne,,,,,Pooled replicate sample from genotype 2 (extracted using MOBIO Ultraclean method),N/A,1 TruSeq library -> 1/6 Lane sequencing,David Bourne,AIMS,d.bourne@aims.gov.au,DNA adult coral tissue,MOBIO Ultraclean,9.54,60ul,RAM,,,,,Pair end,200-300,150,,,,,,,,,,Mike Imelfort,m.imelfort@uq.edu.au,,,
102.100.100/131201,Acropora millepora,Coral Metagenome,Metagenome Biol_3 Ultraclean extract.,2.53,0.15,Orpheus Is (AIMS),24.7.2019,David Bourne,,,,,Pooled replicate sample from genotype 3 (extracted using MOBIO Ultraclean method),N/A,1 TruSeq library -> 1/6 Lane sequencing,David Bourne,AIMS,d.bourne@aims.gov.au,DNA adult coral tissue,MOBIO Ultraclean,2.53,60ul,RAM,,,,,Pair end,200-300,150,,,,,,,,,,Mike Imelfort,m.imelfort@uq.edu.au,,,
To be sequenced at later date,Acropora millepora,Coral Metatranscriptome,Metatranscriptome Biological replicate 1,TO BE COMPLETED,TO BE COMPLETED,Orpheus Is (AIMS),TO BE COMPLETED,David Bourne,,,,,,,To be added at a later date,David Bourne,AIMS,d.bourne@aims.gov.au,,,,,RAM,,,,,,,,,,,,,,,,,Mike Imelfort,m.imelfort@uq.edu.au,,,
102.100.100/12033,Acropora millepora,Coral Virome,Virome Biol 1_DNA,653.4,26136,Orpheus Is (AIMS),5.3.2013,David Bourne,,,,,Sample from 1 colony (extracted using optimised DNA method; 6 amplifications reactions performed on sample and pooled for sequencing),N/A,1 Nextera library -> 1/6 Lane sequencing,David Bourne,AIMS,d.bourne@aims.gov.au,Adult coral tissue,"Masterpure, RNase",653.4,13068ng,RAM,14.08.2013,,,30.09.2013,Pair end,200-1000,150,Nextera,N705/S502,HiSeq2500,106,H7F1YADXX,1,12033_GBR_UNSW_H71YADXX_GGACTCCT_L001_R1_001_fastq.gz,fastq,gzcdc67852a8b810ffefc7aa9df100049e,Mike Imelfort,m.imelfort@uq.edu.au,3/10/2013,,
102.100.100/12033,Acropora millepora,Coral Virome,Virome Biol 1_DNA,653.4,26136,Orpheus Is (AIMS),5.3.2013,David Bourne,,,,,Sample from 1 colony (extracted using optimised DNA method; 6 amplifications reactions performed on sample and pooled for sequencing),N/A,1 Nextera library -> 1/6 Lane sequencing,David Bourne,AIMS,d.bourne@aims.gov.au,Adult coral tissue,"Masterpure, RNase",653.4,13068ng,RAM,14.08.2013,,,30.09.2013,Pair end,200-1000,150,Nextera,N705/S502,HiSeq2500,106,H7F1YADXX,1,12033_GBR_UNSW_H71YADXX_GGACTCCT_L001_R2_001_fastq.gz,fastq,545d3f0700cfdad3824f939d4c756384,Mike Imelfort,m.imelfort@uq.edu.au,3/10/2013,,
102.100.100/12033,Acropora millepora,Coral Virome,Virome Biol 1_DNA,653.4,26136,Orpheus Is (AIMS),5.3.2013,David Bourne,,,,,Sample from 1 colony (extracted using optimised DNA method; 6 amplifications reactions performed on sample and pooled for sequencing),N/A,1 Nextera library -> 1/6 Lane sequencing,David Bourne,AIMS,d.bourne@aims.gov.au,Adult coral tissue,"Masterpure, RNase",653.4,13068ng,RAM,14.08.2013,,,30.09.2013,Pair end,200-1000,150,Nextera,N705/S502,HiSeq2500,106,H7F1YADXX,2,12033_GBR_UNSW_H71YADXX_GGACTCCT_L002_R1_001_fastq.gz,fastq,gze71694ed9eb9687b09f0212d34194388,Mike Imelfort,m.imelfort@uq.edu.au,3/10/2013,,
102.100.100/12033,Acropora millepora,Coral Virome,Virome Biol 1_DNA,653.4,26136,Orpheus Is (AIMS),5.3.2013,David Bourne,,,,,Sample from 1 colony (extracted using optimised DNA method; 6 amplifications reactions performed on sample and pooled for sequencing),N/A,1 Nextera library -> 1/6 Lane sequencing,David Bourne,AIMS,d.bourne@aims.gov.au,Adult coral tissue,"Masterpure, RNase",653.4,13068ng,RAM,14.08.2013,,,30.09.2013,Pair end,200-1000,150,Nextera,N705/S502,HiSeq2500,106,H7F1YADXX,2,12033_GBR_UNSW_H71YADXX_GGACTCCT_L002_R2_001_fastq.gz,fastq,gz4f80d62259764f43c7484f0659dd194c,Mike Imelfort,m.imelfort@uq.edu.au,3/10/2013,,
102.100.100/12034,Acropora millepora,Coral Virome,Virome Biol 2_DNA,817.1,32684,Orpheus Is (AIMS),5.3.2013,David Bourne,,,,,Sample from 1 colony (extracted using optimised RNA method; 6 amplifications reactions performed on sample and pooled for sequencing),N/A,1 Nextera library -> 1/6 Lane sequencing,David Bourne,AIMS,d.bourne@aims.gov.au,Adult coral tissue,"Masterpure, RNase",817.1,16342ng,RAM,14.08.2013,,,30.09.2103,Pair end,200-1000,150,Nextera,N706/S502,HiSeq2500,106,H7F1YADXX,1,12034_GBR_UNSW_H71YADXX_TAGGCATG_L001_R1_001_fastq.gz,fastq,gz120f99e196a0bdd7ee7f401ba53f82f8,Mike Imelfort,m.imelfort@uq.edu.au,3/10/2013,,
102.100.100/12034,Acropora millepora,Coral Virome,Virome Biol 2_DNA,817.1,32684,Orpheus Is (AIMS),5.3.2013,David Bourne,,,,,Sample from 1 colony (extracted using optimised RNA method; 6 amplifications reactions performed on sample and pooled for sequencing),N/A,1 Nextera library -> 1/6 Lane sequencing,David Bourne,AIMS,d.bourne@aims.gov.au,Adult coral tissue,"Masterpure, RNase",817.1,16342ng,RAM,14.08.2013,,,30.09.2103,Pair end,200-1000,150,Nextera,N706/S502,HiSeq2500,106,H7F1YADXX,1,12034_GBR_UNSW_H71YADXX_TAGGCATG_L001_R2_001_fastq.gz,fastq,06d2abd08abcf75398bef8624e7e7bf7,Mike Imelfort,m.imelfort@uq.edu.au,3/10/2013,,
102.100.100/12034,Acropora millepora,Coral Virome,Virome Biol 2_DNA,817.1,32684,Orpheus Is (AIMS),5.3.2013,David Bourne,,,,,Sample from 1 colony (extracted using optimised RNA method; 6 amplifications reactions performed on sample and pooled for sequencing),N/A,1 Nextera library -> 1/6 Lane sequencing,David Bourne,AIMS,d.bourne@aims.gov.au,Adult coral tissue,"Masterpure, RNase",817.1,16342ng,RAM,14.08.2013,,,30.09.2103,Pair end,200-1000,150,Nextera,N706/S502,HiSeq2500,106,H7F1YADXX,2,12034_GBR_UNSW_H71YADXX_TAGGCATG_L002_R1_001_fastq.gz,fastq,gz4cb654363dafeb6368d0af53a299864f,Mike Imelfort,m.imelfort@uq.edu.au,3/10/2013,,
102.100.100/12034,Acropora millepora,Coral Virome,Virome Biol 2_DNA,817.1,32684,Orpheus Is (AIMS),5.3.2013,David Bourne,,,,,Sample from 1 colony (extracted using optimised RNA method; 6 amplifications reactions performed on sample and pooled for sequencing),N/A,1 Nextera library -> 1/6 Lane sequencing,David Bourne,AIMS,d.bourne@aims.gov.au,Adult coral tissue,"Masterpure, RNase",817.1,16342ng,RAM,14.08.2013,,,30.09.2103,Pair end,200-1000,150,Nextera,N706/S502,HiSeq2500,106,H7F1YADXX,2,12034_GBR_UNSW_H71YADXX_TAGGCATG_L002_R2_001_fastq.gz,fastq,gz4fa97ec00ce41c1eb36ba30efb45f660,Mike Imelfort,m.imelfort@uq.edu.au,3/10/2013,,
102.100.100/12035,Acropora millepora,Coral Virome,Virome Biol 1_RNA,60.6,2424,Orpheus Is (AIMS),5.3.2013,David Bourne,,,,,Sample from 2 colony (extracted using optimised DNA method; 6 amplifications reactions performed on sample and pooled for sequencing),N/A,1 Nextera library -> 1/6 Lane sequencing,David Bourne,AIMS,d.bourne@aims.gov.au,Adult coral tissue,"Qiagen Viral RNA, DNase",60.6,1212ng,RAM,14.08.2013,,,30.09.2103,Pair end,200-1000,150,Nextera,N707/S502,HiSeq2500,106,H7F1YADXX,1,12035_GBR_UNSW_H71YADXX_CTCTCTAC_L001_R1_001_fastq.gz,fastq,gzdba79a858e6140ec3832fde70400d628,Mike Imelfort,m.imelfort@uq.edu.au,3/10/2013,,
102.100.100/12035,Acropora millepora,Coral Virome,Virome Biol 1_RNA,60.6,2424,Orpheus Is (AIMS),5.3.2013,David Bourne,,,,,Sample from 2 colony (extracted using optimised DNA method; 6 amplifications reactions performed on sample and pooled for sequencing),N/A,1 Nextera library -> 1/6 Lane sequencing,David Bourne,AIMS,d.bourne@aims.gov.au,Adult coral tissue,"Qiagen Viral RNA, DNase",60.6,1212ng,RAM,14.08.2013,,,30.09.2103,Pair end,200-1000,150,Nextera,N707/S502,HiSeq2500,106,H7F1YADXX,1,12035_GBR_UNSW_H71YADXX_CTCTCTAC_L001_R2_001_fastq.gz,fastq,2a2c1294b7ea210e2409cc2b54458927,Mike Imelfort,m.imelfort@uq.edu.au,3/10/2013,,
102.100.100/12035,Acropora millepora,Coral Virome,Virome Biol 1_RNA,60.6,2424,Orpheus Is (AIMS),5.3.2013,David Bourne,,,,,Sample from 2 colony (extracted using optimised DNA method; 6 amplifications reactions performed on sample and pooled for sequencing),N/A,1 Nextera library -> 1/6 Lane sequencing,David Bourne,AIMS,d.bourne@aims.gov.au,Adult coral tissue,"Qiagen Viral RNA, DNase",60.6,1212ng,RAM,14.08.2013,,,30.09.2103,Pair end,200-1000,150,Nextera,N707/S502,HiSeq2500,106,H7F1YADXX,2,12035_GBR_UNSW_H71YADXX_CTCTCTAC_L002_R1_001_fastq.gz,fastq,gz83f8da27f9f6971aae28d8e344921801,Mike Imelfort,m.imelfort@uq.edu.au,3/10/2013,,
102.100.100/12035,Acropora millepora,Coral Virome,Virome Biol 1_RNA,60.6,2424,Orpheus Is (AIMS),5.3.2013,David Bourne,,,,,Sample from 2 colony (extracted using optimised DNA method; 6 amplifications reactions performed on sample and pooled for sequencing),N/A,1 Nextera library -> 1/6 Lane sequencing,David Bourne,AIMS,d.bourne@aims.gov.au,Adult coral tissue,"Qiagen Viral RNA, DNase",60.6,1212ng,RAM,14.08.2013,,,30.09.2103,Pair end,200-1000,150,Nextera,N707/S502,HiSeq2500,106,H7F1YADXX,2,12035_GBR_UNSW_H71YADXX_CTCTCTAC_L002_R2_001_fastq.gz,fastq,gz943db6b0630c9674a13bfb2d728db94f,Mike Imelfort,m.imelfort@uq.edu.au,3/10/2013,,
102.100.100/12036,Acropora millepora,Coral Virome,Virome Biol 1_RNA,72.2,2888,Orpheus Is (AIMS),5.3.2013,David Bourne,,,,,Sample from 2 colony (extracted using optimised RNA method; 6 amplifications reactions performed on sample and pooled for sequencing),N/A,1 Nextera library -> 1/6 Lane sequencing,David Bourne,AIMS,d.bourne@aims.gov.au,Adult coral tissue,"Qiagen Viral RNA, DNase",72.2,1444ng,RAM,14.08.2013,,,30.09.2103,Pair end,200-1000,150,Nextera,N708/S502,HiSeq2500,106,H7F1YADXX,1,12036_GBR_UNSW_H71YADXX_CAGAGAGG_L001_R1_001_fastq.gz,fastq,gzb4e25bd5b392380ec5e23f95177f201d,Mike Imelfort,m.imelfort@uq.edu.au,3/10/2013,,
102.100.100/12036,Acropora millepora,Coral Virome,Virome Biol 1_RNA,72.2,2888,Orpheus Is (AIMS),5.3.2013,David Bourne,,,,,Sample from 2 colony (extracted using optimised RNA method; 6 amplifications reactions performed on sample and pooled for sequencing),N/A,1 Nextera library -> 1/6 Lane sequencing,David Bourne,AIMS,d.bourne@aims.gov.au,Adult coral tissue,"Qiagen Viral RNA, DNase",72.2,1444ng,RAM,14.08.2013,,,30.09.2103,Pair end,200-1000,150,Nextera,N708/S502,HiSeq2500,106,H7F1YADXX,1,12036_GBR_UNSW_H71YADXX_CAGAGAGG_L001_R2_001_fastq.gz,fastq,c81e076c4039232aba649938b206818a,Mike Imelfort,m.imelfort@uq.edu.au,3/10/2013,,
102.100.100/12036,Acropora millepora,Coral Virome,Virome Biol 1_RNA,72.2,2888,Orpheus Is (AIMS),5.3.2013,David Bourne,,,,,Sample from 2 colony (extracted using optimised RNA method; 6 amplifications reactions performed on sample and pooled for sequencing),N/A,1 Nextera library -> 1/6 Lane sequencing,David Bourne,AIMS,d.bourne@aims.gov.au,Adult coral tissue,"Qiagen Viral RNA, DNase",72.2,1444ng,RAM,14.08.2013,,,30.09.2103,Pair end,200-1000,150,Nextera,N708/S502,HiSeq2500,106,H7F1YADXX,2,12036_GBR_UNSW_H71YADXX_CAGAGAGG_L002_R1_001_fastq.gz,fastq,gz61460642fc22ef23d73e645f1ee73fc1,Mike Imelfort,m.imelfort@uq.edu.au,3/10/2013,,
102.100.100/12036,Acropora millepora,Coral Virome,Virome Biol 1_RNA,72.2,2888,Orpheus Is (AIMS),5.3.2013,David Bourne,,,,,Sample from 2 colony (extracted using optimised RNA method; 6 amplifications reactions performed on sample and pooled for sequencing),N/A,1 Nextera library -> 1/6 Lane sequencing,David Bourne,AIMS,d.bourne@aims.gov.au,Adult coral tissue,"Qiagen Viral RNA, DNase",72.2,1444ng,RAM,14.08.2013,,,30.09.2103,Pair end,200-1000,150,Nextera,N708/S502,HiSeq2500,106,H7F1YADXX,2,12036_GBR_UNSW_H71YADXX_CAGAGAGG_L002_R2_001_fastq.gz,fastq,"gz99a2edb6287c56504e8f9e557e2c4a6f
",Mike Imelfort,m.imelfort@uq.edu.au,3/10/2013,,
102.100.100/12037,Acropora millepora,16S Coral tissue,16S Profiling Tissue Biological replicate 1,TO BE COMPLETED,TO BE COMPLETED,Orpheus Is (AIMS),24.7.2013,David Bourne,,,,,Sample from 1 colony (extracted using optimised DNA method A),N/A,Gene to sequence,David Bourne,AIMS,d.bourne@aims.gov.au,,,,,Gene Tyson,,,,,,,,,,,,,,,,,Mike Imelfort,m.imelfort@uq.edu.au,,,
102.100.100/12038,Acropora millepora,16S Coral tissue,16S Profiling Tissue Biological replicate 2,TO BE COMPLETED,TO BE COMPLETED,Orpheus Is (AIMS),24.7.2013,David Bourne,,,,,Sample from 2 colony (extracted using optimised DNA method A),N/A,Gene to sequence,David Bourne,AIMS,d.bourne@aims.gov.au,,,,,Gene Tyson,,,,,,,,,,,,,,,,,Mike Imelfort,m.imelfort@uq.edu.au,,,
102.100.100/12039,Acropora millepora,16S Coral tissue,16S Profiling Tissue Biological replicate 3,TO BE COMPLETED,TO BE COMPLETED,Orpheus Is (AIMS),24.7.2013,David Bourne,,,,,Sample from 3 colony (extracted using optimised DNA method A),N/A,Gene to sequence,David Bourne,AIMS,d.bourne@aims.gov.au,,,,,Gene Tyson,,,,,,,,,,,,,,,,,Mike Imelfort,m.imelfort@uq.edu.au,,,
102.100.100/12040,Symbiodinium CS-156,Symbiodinum - low level,Clade F from CSIRO strain collection CS-156,320,105,Culture subcloned from the CSIRO strain,15.07.2013,Bruno Lapeyre,Original Isolate from Montipora verrucosa in Hawaii 1983,,,,Sample from Bruno Lapeyre and David Miller for pilot low level sequencing.,N/A,1 library -> 1 lane,Bruno Lapeyre,JCU,bruno.lapeyre@jcu.edu.au,"Cell Line
","CTAB, RNase, Chlorof, Precip, then ProteinaseK, PCI, Precip",320,15.5ul + 312ul,AGRF,,,,,Pair end,216 bp,150,Illumina TruSeq DNA sample preparation with Pippin Prep size selection,9,HiSeq 2500,RUN 0017,H76LCADXX,2,12040_GBR_AGRF_BH76LCADXX_GATCAG_L002_R1.fastq.gz,fastqc,cb980e3690ec634c380742a26cf1c238 ,CX Chan,c.chan1@uq.edu.au,18/09/2013,,
102.100.100/12040,Symbiodinium CS-156,Symbiodinum - low level,Clade F from CSIRO strain collection CS-156,320,105,Culture subcloned from the CSIRO strain,15.07.2013,Bruno Lapeyre,Original Isolate from Montipora verrucosa in Hawaii 1983,,,,Sample from Bruno Lapeyre and David Miller for pilot low level sequencing.,N/A,1 library -> 1 lane,Bruno Lapeyre,JCU,bruno.lapeyre@jcu.edu.au,"Cell Line
","CTAB, RNase, Chlorof, Precip, then ProteinaseK, PCI, Precip",320,15.5ul + 312ul,AGRF,,,,,Pair end,216 bp,150,Illumina TruSeq DNA sample preparation with Pippin Prep size selection,9,HiSeq 2500,RUN 0017,H76LCADXX,2,12040_GBR_AGRF_BH76LCADXX_GATCAG_L002_R2.fastq.gz,fastqc,5d3bfd874dae2a8f4496cdfb40228641 ,CX Chan,c.chan1@uq.edu.au,18/09/2013,,
102.100.100/12040,Symbiodinium CS-156,Symbiodinum - low level,Clade F from CSIRO strain collection CS-156,320,105,Culture subcloned from the CSIRO strain,15.07.2013,Bruno Lapeyre,Original Isolate from Montipora verrucosa in Hawaii 1983,,,,Sample from Bruno Lapeyre and David Miller for pilot low level sequencing.,N/A,1 library -> 1 lane,Bruno Lapeyre,JCU,bruno.lapeyre@jcu.edu.au,"Cell Line
","CTAB, RNase, Chlorof, Precip, then ProteinaseK, PCI, Precip",320,15.5ul + 312ul,AGRF,,,,,Pair end,216 bp,150,Illumina TruSeq DNA sample preparation with Pippin Prep size selection,9,HiSeq 2500,RUN 0018,H12HNADXX,1,12040_GBR_AGRF_AH12HNADXX_GATCAG_L001_R1.fastq.gz,fastqc,a17823e569f64e2228fc6d42637fad6a ,CX Chan,c.chan1@uq.edu.au,18/09/2013,,
102.100.100/12040,Symbiodinium CS-156,Symbiodinum - low level,Clade F from CSIRO strain collection CS-156,320,105,Culture subcloned from the CSIRO strain,15.07.2013,Bruno Lapeyre,Original Isolate from Montipora verrucosa in Hawaii 1983,,,,Sample from Bruno Lapeyre and David Miller for pilot low level sequencing.,N/A,1 library -> 1 lane,Bruno Lapeyre,JCU,bruno.lapeyre@jcu.edu.au,"Cell Line
","CTAB, RNase, Chlorof, Precip, then ProteinaseK, PCI, Precip",320,15.5ul + 312ul,AGRF,,,,,Pair end,216 bp,150,Illumina TruSeq DNA sample preparation with Pippin Prep size selection,9,HiSeq 2500,RUN 0018,H12HNADXX,1,12040_GBR_AGRF_AH12HNADXX_GATCAG_L001_R2.fastq.gz,fastqc,bff123bf2bb19c1bf6d265b24ffe9e75 ,CX Chan,c.chan1@uq.edu.au,18/09/2013,,
102.100.100/12041,Symbiodinium sp.,Symbiodinum - low level,Clade C1 strain: AIMS-aten-C1-MI-cfu-B2,289.5,5,Magnetic Island,21.12.2010,Emily Howells,"19° 10′ 6′′ S, 146° 50′ 60′′ E",28,,3 to 5,Sample from AIMS for pilot low level sequenicing,N/A,1 library -> 1 lane,Victor Beltran,AIMS,v.beltran@aims.gov.au,"Cultured monoclonal zooxhanthellae strain
","CTAB, RNAse A, Proteinase K, Phenol-Chloroform (x2), Isoamyl alcohol, TE buffer",289.5,17.3ul,AGRF,,,,,Pair end,200-250 ,150,Illumina TruSeq DNA sample preparation with Pippin Prep size selection,4,HiSeq 2500,RUN 0021,H7GBFADXX,1,12020_GBR_AGRF_D274DACXX_GTTTCG_L001_R1_001.fastq,fastqc,bae9719680e4ac2aedebfdad454500a6,CX Chan,c.chan1@uq.edu.au,8/10/2013,,
102.100.100/12041,Symbiodinium sp.,Symbiodinum - low level,Clade C1 strain: AIMS-aten-C1-MI-cfu-B2,289.5,5,Magnetic Island,21.12.2010,Emily Howells,"19° 10′ 6′′ S, 146° 50′ 60′′ E",28,,3 to 5,Sample from AIMS for pilot low level sequenicing,N/A,1 library -> 1 lane,Victor Beltran,AIMS,v.beltran@aims.gov.au,"Cultured monoclonal zooxhanthellae strain
","CTAB, RNAse A, Proteinase K, Phenol-Chloroform (x2), Isoamyl alcohol, TE buffer",289.5,17.3ul,AGRF,,,,,Pair end,200-250 ,150,Illumina TruSeq DNA sample preparation with Pippin Prep size selection,4,HiSeq 2500,RUN 0021,H7GBFADXX,1,12020_GBR_AGRF_D274DACXX_GTTTCG_L001_R2_001.fastq,fastqc,d7ccce03d46f718683c2319fcd3354b6,CX Chan,c.chan1@uq.edu.au,8/10/2013,,